,Tubelabel_species,Health_Status,Date_Extracted,Raw_ng_ul,Extraction_physical_location,Date_Enriched,colony,notes
1,022024_BEL_CBC_T1_771_PAST,Healthy,11_22_2024,23.8,UML_NARWHAL_R2_B13,,1_2,
2,022024_BEL_CBC_T1_773_SSID,Healthy,11_22_2024,61.8,UML_NARWHAL_R2_B13,,1_3,
3,022024_BEL_CBC_T1_774_MCAV,Healthy,11_22_2024,31.2,UML_NARWHAL_R2_B13,,1_24,
4,022024_BEL_CBC_T1_775_OANN,Healthy,11_22_2024,13.8,UML_NARWHAL_R2_B13,,1_25,
5,022024_BEL_CBC_T1_776_PSTR,Healthy,11_22_2024,20.2,UML_NARWHAL_R2_B13,,1_12,
6,022024_BEL_CBC_T2_804_OFAV,Healthy,11_22_2024,86.8,UML_NARWHAL_R2_B13,,2_76,
7,022024_BEL_CBC_T2_805_SSID,Diseased_Tissue,9_10_2024,10.2,UML_NARWHAL_R2_B11,,2_72,
8,022024_BEL_CBC_T2_806_SSID,Diseased_Margin,11_4_2024,2.46,UML_NARWHAL_R2_B11,,2_72,
9,022024_BEL_CBC_T2_807_SSID,Healthy,11_22_2024,77.6,UML_NARWHAL_R2_B13,,2_73,
10,022024_BEL_CBC_T2_808_PAST,Healthy,11_22_2024,32,UML_NARWHAL_R2_B13,,2_68,
11,022024_BEL_CBC_T2_809_MCAV,Healthy,11_22_2024,52.6,UML_NARWHAL_R2_B13,,2_69,
12,022024_BEL_CBC_T2_810_SSID,Healthy,11_22_2024,81.2,UML_NARWHAL_R2_B13,,2_99,
13,022024_BEL_CBC_T2_811_PAST,Healthy,11_22_2024,13.5,UML_NARWHAL_R2_B13,,2_63,
14,022024_BEL_CBC_T2_812_PAST,Healthy,11_22_2024,26.6,UML_NARWHAL_R2_B13,,2_57,
15,022024_BEL_CBC_T2_813_MCAV,Healthy,11_22_2024,69,UML_NARWHAL_R2_B13,,2_55,
16,022024_BEL_CBC_T2_814_MCAV,Healthy,11_22_2024,58.2,UML_NARWHAL_R2_B13,,2_60,
17,022024_BEL_CBC_T2_815_OFAV,Healthy,11_22_2024,60.2,UML_NARWHAL_R2_B13,,2_79,
18,022024_BEL_CBC_T3_842_MCAV,Diseased_Tissue,9_10_2024,27,UML_NARWHAL_R2_B11,,3_2,
19,022024_BEL_CBC_T3_843_MCAV,Diseased_Margin,11_4_2024,2.94,UML_NARWHAL_R2_B11,,3_2,
20,022024_BEL_CBC_T3_844_OFAV,Healthy,11_26_2024,110,UML_NARWHAL_R2_B13,,3_38,
21,022024_BEL_CBC_T3_845_SSID,Healthy,11_26_2024,82.6,UML_NARWHAL_R2_B13,,3_5,
22,022024_BEL_CBC_T3_847_PAST,Healthy,11_26_2024,54,UML_NARWHAL_R2_B13,,3_10,
23,022024_BEL_CBC_T3_848_MCAV,Healthy,11_26_2024,59,UML_NARWHAL_R2_B13,,3_14,
24,022024_BEL_CBC_T3_849_PSTR,Healthy,11_26_2024,81,UML_NARWHAL_R2_B13,,3_20,
25,022024_BEL_CBC_T3_850_MCAV,Healthy,11_26_2024,91.5,UML_NARWHAL_R2_B13,,3_21,
26,022024_BEL_CBC_T3_851_PSTR,Healthy,11_26_2024,64.2,UML_NARWHAL_R2_B13,,3_70,
27,022024_BEL_CBC_T3_852_OFAV,Healthy,11_26_2024,49.5,UML_NARWHAL_R2_B13,,3_39,
28,022024_BEL_CBC_T3_853_SSID,Healthy,11_26_2024,34.1,UML_NARWHAL_R2_B13,,3_33,
29,022024_BEL_CBC_T3_854_PAST,Healthy,11_26_2024,36,UML_NARWHAL_R2_B13,,3_34,
30,022024_BEL_CBC_T4_870_MCAV,Healthy,11_26_2024,41.4,UML_NARWHAL_R2_B13,,4_28,
31,022024_BEL_CBC_T4_871_PSTR,Healthy,11_26_2024,91.4,UML_NARWHAL_R2_B13,,4_98,
32,022024_BEL_CBC_T4_872_PSTR,Healthy,11_26_2024,23.4,UML_NARWHAL_R2_B13,,4_79,
33,022024_BEL_CBC_T4_873_MCAV,Healthy,11_26_2024,81.4,UML_NARWHAL_R2_B13,,4_76,
34,022024_BEL_CBC_T4_874_OFAV,Healthy,11_26_2024,35.9,UML_NARWHAL_R2_B13,,4_78,
35,022024_BEL_CBC_T4_875_MCAV,Healthy,11_26_2024,39,UML_NARWHAL_R2_B13,,4_30,
36,042024_BEL_CBC_T1_924_MCAV,Healthy,12_2_2024,40.4,UML_NARWHAL_R2_B14,,1_24,
37,042024_BEL_CBC_T1_927_PSTR,Healthy,12_2_2024,24.7,UML_NARWHAL_R2_B14,,1_12,
38,042024_BEL_CBC_T1_928_OANN,Healthy,12_2_2024,14.9,UML_NARWHAL_R2_B14,,1_25,
39,042024_BEL_CBC_T1_929_PAST,Healthy,12_2_2024,34.4,UML_NARWHAL_R2_B14,,1_21,
40,042024_BEL_CBC_T1_931_SSID,Diseased_Tissue,9_9_2024,33.2,UML_NARWHAL_R2_B11,,1_3,
41,042024_BEL_CBC_T1_932_SSID,Diseased_Margin,11_4_2024,3.14,UML_NARWHAL_R2_B11,,1_3,
42,042024_BEL_CBC_T2_1014_OFAV,Healthy,12_2_2024,59,UML_NARWHAL_R2_B14,,2_79,
43,042024_BEL_CBC_T2_1016_MCAV,Healthy,12_2_2024,47.4,UML_NARWHAL_R2_B14,,2_55,
44,042024_BEL_CBC_T2_1017_MCAV,Healthy,12_2_2024,4.47,UML_NARWHAL_R2_B14,,2_60,
45,042024_BEL_CBC_T2_1018_PAST,Healthy,12_2_2024,25.9,UML_NARWHAL_R2_B14,,2_57,
46,042024_BEL_CBC_T2_1025_SSID,Healthy,12_2_2024,49.8,UML_NARWHAL_R2_B14,,2_73,
47,042024_BEL_CBC_T2_1026_OFAV,Healthy,12_2_2024,72.8,UML_NARWHAL_R2_B14,,2_76,
48,042024_BEL_CBC_T2_1027_PAST,Healthy,12_2_2024,14.7,UML_NARWHAL_R2_B14,,2_68,
49,042024_BEL_CBC_T2_1028_PAST,Healthy,12_2_2024,28.5,UML_NARWHAL_R2_B14,,2_63,
50,042024_BEL_CBC_T2_1034_SSID,Diseased_Tissue,9_9_2024,26,UML_NARWHAL_R2_B11,,2_99,
51,042024_BEL_CBC_T2_1035_SSID,Diseased_Margin,11_4_2024,1.14,UML_NARWHAL_R2_B11,,2_99,
52,042024_BEL_CBC_T2_1040_SSID,Healthy,12_2_2024,52.2,UML_NARWHAL_R2_B14,,2_72,
53,042024_BEL_CBC_T2_1144_MCAV,Healthy,12_2_2024,75.1,UML_NARWHAL_R2_B14,,2_69,
54,042024_BEL_CBC_T3_942_PAST,Healthy,12_3_2024,6.77,UML_NARWHAL_R2_B14,,3_34,
55,042024_BEL_CBC_T3_944_SSID,Healthy,12_3_2024,64.6,UML_NARWHAL_R2_B14,,3_33,
56,042024_BEL_CBC_T3_946_OFAV,Healthy,12_3_2024,56.7,UML_NARWHAL_R2_B14,,3_39,
57,042024_BEL_CBC_T3_947_MCAV,Healthy,12_3_2024,134,UML_NARWHAL_R2_B14,,3_21,
58,042024_BEL_CBC_T3_949_PSTR,Healthy,12_3_2024,9.51,UML_NARWHAL_R2_B14,,3_70,
59,042024_BEL_CBC_T3_950_PSTR,Healthy,12_3_2024,8.85,UML_NARWHAL_R2_B14,,3_20,
60,042024_BEL_CBC_T3_953_MCAV,Healthy,12_3_2024,129,UML_NARWHAL_R2_B14,,3_14,
61,042024_BEL_CBC_T3_955_OFAV,Healthy,12_3_2024,155,UML_NARWHAL_R2_B14,,3_38,
62,042024_BEL_CBC_T3_956_MCAV,Healthy,12_3_2024,12.8,UML_NARWHAL_R2_B14,,3_2,
63,042024_BEL_CBC_T3_959_SSID,Healthy,12_3_2024,21.5,UML_NARWHAL_R2_B14,,3_5,
64,042024_BEL_CBC_T3_960_OFAV,Healthy,12_3_2024,31.8,UML_NARWHAL_R2_B14,,3_66,
65,042024_BEL_CBC_T4_1041_MCAV,Healthy,12_3_2024,53.4,UML_NARWHAL_R2_B14,,4_30,
66,042024_BEL_CBC_T4_1042_OFAV,Healthy,12_3_2024,77.8,UML_NARWHAL_R2_B14,,4_78,
67,042024_BEL_CBC_T4_1044_PSTR,Healthy,12_3_2024,13.2,UML_NARWHAL_R2_B14,,4_79,
68,042024_BEL_CBC_T4_1045_MCAV,Healthy,12_3_2024,70.5,UML_NARWHAL_R2_B14,,4_76,
69,042024_BEL_CBC_T4_1046_PSTR,Healthy,12_3_2024,50.7,UML_NARWHAL_R2_B14,,4_98,
70,042024_BEL_CBC_T4_1047_MCAV,Healthy,12_3_2024,72.4,UML_NARWHAL_R2_B14,,4_28,
71,052022_BEL_CBC_T1_1_PAST,Healthy,2022,39.8,"UML_NARWHAL_R2_B32,  UML_NARWHAL_R2_B35",11_5_2024,1_2,
72,052022_BEL_CBC_T1_2_SSID,Healthy,12_2_2024,7.73,"UML_NARWHAL_R2_B14, UML_NARWHAL_R2_B33",,1_3,
73,052022_BEL_CBC_T1_34_PAST,Healthy,8_19_2024,1.31,"UML_NARWHAL_R2_B29, UML_NARWHAL_R2_B34",10_6_2024,1_21,
74,052022_BEL_CBC_T1_53_PAST,Healthy,8_19_2024,1.75,"UML_NARWHAL_R2_B29, UML_NARWHAL_R2_B34",10_6_2024,1_13,
75,052022_BEL_CBC_T1_54_MCAV,Healthy,8_12_2024,0.361,UML_NARWHAL_R2_B26,10_6_2024,1_24,
76,052022_BEL_CBC_T1_55_PSTR,Healthy,6_8_2023,9.4,UML_NARWHAL_R2_B3,10_6_2023,1_12,
77,052022_BEL_CBC_T1_62_MCAV,Healthy,8_12_2024,0.538,UML_NARWHAL_R2_B26,10_6_2024,1_24,
78,052022_BEL_CBC_T1_63_OFAV,Healthy,7_16_2024,9.86,UML_NARWHAL_R2_B26,8_6_2024,1_25,
79,052022_BEL_CBC_T2_1_SSID,Healthy,12_4_2024,33.2,UML_NARWHAL_R2_B15,,2_73,
80,052022_BEL_CBC_T2_10_MCAV,Healthy,2022,7.94,"UML_NARWHAL_R2_B32, UML_NARWHAL_R2_B29, UML_NARWHAL_R2_B35",10_30_24,2_60,
81,052022_BEL_CBC_T2_11_PAST,Healthy,6_17_2022,15,"UML_NARWHAL_R2_B32, UML_NARWHAL_R2_B29, UML_NARHWAL_PINK",11_6_2024,2_57,
82,052022_BEL_CBC_T2_12_MCAV,Healthy,8_12_2024,0.902,UML_NARWHAL_R2_B26,10_6_2024,2_55,
83,052022_BEL_CBC_T2_3_SSID,Healthy,1_13_2025,12.1,UML_NARWHAL_R2_B15,,2_72,
84,052022_BEL_CBC_T2_4_MCAV,Healthy,8_12_2024,0.094,UML_NARWHAL_R2_B26,10_6_2024,2_69,
85,052022_BEL_CBC_T2_5_PAST,Healthy,9_11_2024,48.1,UML_NARWHAL_R2_B29,10_6_2024,2_68,
86,052022_BEL_CBC_T2_59_OFAV,Healthy,10_3_2023,73.7,UML_NARWHAL_R2_B3,10_16_2023,2_76,
87,052022_BEL_CBC_T2_71_OFAV,Healthy,10_3_2023,98.8,UML_NARWHAL_R2_B3,10_16_2023,2_79,
88,052022_BEL_CBC_T2_9_PAST,Healthy,9_11_2024,4.32,UML_NARWHAL_R2_B29,9_28_2024,2_63,
89,052022_BEL_CBC_T3_1_MCAV,Healthy,6_15_2022,6,"UML_NARWHAL_R2_B32, UML_NARWHAL_R2_B35, UML_NARWHAL_R2_B33",11_5_2024,3_2,
90,052022_BEL_CBC_T3_11_PAST,Healthy,8_19_2024,8.57,"UML_NARWHAL_R2_B29, UML_NARWHAL_R2_B34",9_28_2024,3_6,PCR enriched  1_30_2025
91,052022_BEL_CBC_T3_13_MCAV,Healthy,6_15_2022,3,UML_NARWHAL_R2_B35,10_30_24,3_14,PCR enriched  1_30_2025
92,052022_BEL_CBC_T3_15_PSTR,Healthy,6_8_2023,13.3,UML_NARWHAL_R2_B3,10_6_2023,3_20,
93,052022_BEL_CBC_T3_16_SSID,Healthy,1_15_2025,21,UML_NARWHAL_R2_B15,,3_33,
94,052022_BEL_CBC_T3_19_MCAV,Healthy,2022,17.4,UML_NARWHAL_R2_B32,10_30_24,3_21,PCR enriched  1_30_2025
95,052022_BEL_CBC_T3_6_SSID,Healthy,12_4_2024,27.9,UML_NARWHAL_R2_B15,,3_5,
96,052022_BEL_CBC_T3_65_OFAV,Healthy,6_21_2023,26.8,UML_NARWHAL_R2_B3,10_11_23,3_39,
97,052022_BEL_CBC_T3_66_OFAV,Healthy,6_21_2023,17.8,UML_NARWHAL_R2_B3,10_11_23,3_38,
98,052022_BEL_CBC_T3_8_PAST,Healthy,2022,4.032,UML_NARWHAL_R2_B32,11_6_2024,3_10,PCR enriched  1_30_2025
99,062019_BEL_CBC_T1_1_PAST,Healthy,2022,2.38,"UML_NARWHAL_R2_B32, UML_NARWHAL_R2_B29, UML_NARWHAL_R2_B35",10_30_24,1_2,
100,062019_BEL_CBC_T1_12_PAST,Healthy,9_11_2024,1.08,"UML_NARWHAL_R2_B29, UML_NARWHAL_R2_B34",10_6_2024,1_13,
101,062019_BEL_CBC_T1_21_PAST,Healthy,8_19_2024,1.9,UML_NARWHAL_R2_B29,10_6_2024,1_21,
102,062019_BEL_CBC_T1_22_MCAV,Healthy,11_26_2024; 2022,34.2; 6.67,UML_NARWHAL_R2_B33,11_5_2024 (from 2022 extract),1_24,PCR enriched  1_30_2025
103,062019_BEL_CBC_T1_5_SSID,Healthy,12_2_2024,20.5,UML_NARWHAL_R2_B14,,1_3,
104,062019_BEL_CBC_T2_16_MCAV,Healthy,9_16_2024,3.19,"UML_NARWHAL_R2_B29, UML_NARWHAL_R2_B33",10_9_2024,2_60,
105,062019_BEL_CBC_T2_17_SSID,Healthy,12_4_2024,3.79,UML_NARWHAL_R2_B15,,2_73,
106,062019_BEL_CBC_T2_18_MCAV,Healthy,12_2_2024,1.61,UML_NARWHAL_R2_B14,,2_69,
107,062019_BEL_CBC_T2_18_MCAV,Healthy,2022,7.26,UML_NARWHAL_R2_B33,11_5_2024,2_69,
108,062019_BEL_CBC_T2_2_PAST,Healthy,9_11_2024,6.77,"UML_NARWHAL_R2_B29, UML_NARWHAL_R2_B34",10_6_2024,2_68,
109,062019_BEL_CBC_T2_21_PAST,Healthy,9_16_2024,0.841,"UML_NARWHAL_R2_B34, UML_NARWHAL_R2_B32, UML_NARWHAL_R2_B35",11_6_2024,2_57,
110,062019_BEL_CBC_T2_23_MCAV,Healthy,12_2_2024,3.33,UML_NARWHAL_R2_B14,,2_55,
111,062019_BEL_CBC_T2_23_MCAV,Healthy,2022,3.25,UML_NARWHAL_R2_B33,11_5_2024,2_55,
112,062019_BEL_CBC_T2_25_PAST,Healthy,8_19_2024,1.88,"UML_NARWHAL_R2_B35, UML_NARWHAL_R2_B29, UML_NARWHAL_R2_B34",10_6_2024,2_63,
113,062019_BEL_CBC_T2_26_SSID,Healthy,1_13_2025,15.1,UML_NARWHAL_R2_B15,,2_72,
114,062019_BEL_CBC_T3_1_MCAV,Healthy,6_13_2022,12.3,"UML_NARWHAL_R2_B32, UML_NARWHAL_R2_B33, UML_NARWHAL_R2_B35",10_30_24,3_2,
115,062019_BEL_CBC_T3_16_MCAV,Healthy,2022,13.6,"UML_NARWHAL_R2_B32, UML_NARWHAL_R2_B35, UML_NARWHAL_R2_B33",10_30_24,3_21,
116,062019_BEL_CBC_T3_27_SSID,Healthy,12_3_2024,RECHECK,UML_NARWHAL_R2_B14,,3_33,
117,062019_BEL_CBC_T3_31_PAST,Healthy,2022,3.18,"UML_NARWHAL_R2_B32, UML_NARWHAL_R2_B35, UML_NARWHAL_R2_B29, UML_NARWHAL_R2_B26, UML_NARWHAL_R2_B34",10_30_24,3_34,
118,062019_BEL_CBC_T3_4_PAST,Healthy,9_11_2024,33.7,"UML_NARWHAL_R2_B29, UML_NARWHAL_R2_B33",10_6_2024,3_6,
119,062019_BEL_CBC_T3_5_SSID,Healthy,12_3_2024,30.6,UML_NARWHAL_R2_B14,,3_5,
120,062019_BEL_CBC_T3_7_PAST,Healthy,6_17_2022,7.28,"UML_NARWHAL_R2_B32, UML_NARWHAL_R2_B35",10_30_24,3_10,
121,062019_BEL_CBC_T3_8_MCAV,Healthy,2022,13.3,"UML_NARWHAL_R2_B32, UML_NARWHAL_R2_B33, UML_NARWHAL_R2_B29, UML_NARWHAL_R2_B35",11_5_2024,3_14,
122,062024_BEL_CBC_T1_1341_SSID,Diseased_Margin,11_4_2024,3.76,UML_NARWHAL_R2_B11,,1_3,
123,062024_BEL_CBC_T1_1344_SSID,Diseased_Tissue,9_10_2024,19.8,UML_NARWHAL_R2_B11,,1_3,
124,062024_BEL_CBC_T1_1347_OANN,Healthy,12_4_2024,10.7,UML_NARWHAL_R2_B15,,1_25,
125,062024_BEL_CBC_T1_1350_PSTR,Healthy,12_4_2024,18.7,UML_NARWHAL_R2_B15,,1_12,
126,062024_BEL_CBC_T1_1353_MCAV,Healthy,12_4_2024,39.6,UML_NARWHAL_R2_B15,,1_24,
127,062024_BEL_CBC_T1_1356_PAST,Healthy,12_4_2024,5,UML_NARWHAL_R2_B15,,1_2,
128,062024_BEL_CBC_T2_1369_SSID,Diseased_Tissue,9_10_2024,21,UML_NARWHAL_R2_B11,,2_72,
129,062024_BEL_CBC_T2_1369_SSID,Healthy,12_4_2024,29.7,UML_NARWHAL_R2_B15,,2_72,
130,062024_BEL_CBC_T2_1372_OFAV,Healthy,12_4_2024,98.6,UML_NARWHAL_R2_B15,,2_76,
131,062024_BEL_CBC_T2_1375_SSID,Healthy,12_4_2024,71,UML_NARWHAL_R2_B15,,2_73,
132,062024_BEL_CBC_T2_1378_PAST,Healthy,12_4_2024,27.6,UML_NARWHAL_R2_B15,,2_68,
133,062024_BEL_CBC_T2_1381_SSID,Diseased_Tissue,9_10_2024,36,UML_NARWHAL_R2_B11,,2_99,
134,062024_BEL_CBC_T2_1381_SSID,Healthy,12_4_2024,39.7,UML_NARWHAL_R2_B15,,2_99,
135,062024_BEL_CBC_T2_1384_MCAV,Healthy,12_4_2024,24.1,UML_NARWHAL_R2_B15,,2_55,
136,062024_BEL_CBC_T2_1387_OFAV,Healthy,12_4_2024,4.62,UML_NARWHAL_R2_B15,,2_79,
137,062024_BEL_CBC_T2_1393_PAST,Healthy,12_4_2024,42.9,UML_NARWHAL_R2_B15,,2_57,
138,062024_BEL_CBC_T2_1396_MCAV,Healthy,12_4_2024,47.5,UML_NARWHAL_R2_B15,,2_69,
139,062024_BEL_CBC_T2_1399_PAST,Healthy,12_4_2024,17.4,UML_NARWHAL_R2_B15,,2_63,
140,062024_BEL_CBC_T2_1402_MCAV,Healthy,12_4_2024,26.4,UML_NARWHAL_R2_B15,,2_60,
141,062024_BEL_CBC_T3_1412_MCAV,Diseased_Margin,11_4_2024,3.08,UML_NARWHAL_R2_B11,,3_2,
142,062024_BEL_CBC_T3_1415_MCAV,Diseased_Tissue,9_10_2024,42,UML_NARWHAL_R2_B11,,3_2,
143,062024_BEL_CBC_T3_1418_SSID,Healthy,1_13_2025,41.4,UML_NARWHAL_R2_B15,,3_5,
144,062024_BEL_CBC_T3_1421_OFAV,Healthy,1_13_2025,69.4,UML_NARWHAL_R2_B15,,3_38,
145,062024_BEL_CBC_T3_1424_PAST,Healthy,12_5_2024,5.1,UML_NARWHAL_R2_B15,,3_10,
146,062024_BEL_CBC_T3_1427_MCAV,Healthy,1_13_2025,36,UML_NARWHAL_R2_B15,,3_14,
147,062024_BEL_CBC_T3_1430_PSTR,Healthy,1_13_2025,9.52,UML_NARWHAL_R2_B15,,3_20,
148,062024_BEL_CBC_T3_1433_PSTR,Healthy,12_5_2024,18.6,UML_NARWHAL_R2_B15,,3_70,
149,062024_BEL_CBC_T3_1436_MCAV,Healthy,12_5_2024,64.4,UML_NARWHAL_R2_B15,,3_21,
150,062024_BEL_CBC_T3_1439_OFAV ,Healthy,1_13_2025,52.6,UML_NARWHAL_R2_B15,,3_66,
151,062024_BEL_CBC_T3_1442_OFAV,Healthy,1_13_2025,71.4,UML_NARWHAL_R2_B15,,3_39,
152,062024_BEL_CBC_T3_1445_SSID,Healthy,1_13_2025,86.6,UML_NARWHAL_R2_B15,,3_33,
153,062024_BEL_CBC_T3_1448_PAST,Healthy,1_13_2025,35,UML_NARWHAL_R2_B15,,3_34,
154,062024_BEL_CBC_T4_1458_MCAV,Healthy,1_13_2025,20.6,UML_NARWHAL_R2_B15,,4_30,
155,062024_BEL_CBC_T4_1461_OFAV,Healthy,12_5_2024,25.5,UML_NARWHAL_R2_B15,,4_78,
156,062024_BEL_CBC_T4_1464_MCAV,Healthy,12_5_2024,6.74,UML_NARWHAL_R2_B15,,4_76,
157,062024_BEL_CBC_T4_1467_MCAV,Healthy,1_13_2025,21.8,UML_NARWHAL_R2_B15,,4_28,
158,062024_BEL_CBC_T4_1470_PSTR,Healthy,1_13_2025,21.4,UML_NARWHAL_R2_B15,,4_98,
159,062024_BEL_CBC_T4_1473_PSTR,Healthy,1_13_2025,10,UML_NARWHAL_R2_B15,,4_79,
160,082024_BEL_CBC_T1_1479_PAST,Healthy,1_14_2025,62.6,UML_NARWHAL_R2_B15,,1_2,
161,082024_BEL_CBC_T1_1480_SSID,Healthy,1_14_2025,43.6,UML_NARWHAL_R2_B15,,1_3,
162,082024_BEL_CBC_T1_1481_PSTR,Healthy,1_14_2025,45.8,UML_NARWHAL_R2_B15,,1_12,
163,082024_BEL_CBC_T1_1482_OANN,Healthy,1_14_2025,15.9,UML_NARWHAL_R2_B15,,1_25,
164,082024_BEL_CBC_T1_1483_MCAV,Healthy,1_14_2025,58.4,UML_NARWHAL_R2_B15,,1_24,
165,082024_BEL_CBC_T2_1507_OFAV,Healthy,1_14_2025,55.6,UML_NARWHAL_R2_B15,,2_76,
166,082024_BEL_CBC_T2_1508_SSID,Healthy,1_14_2025,39.6,UML_NARWHAL_R2_B15,,2_73,
167,082024_BEL_CBC_T2_1509_SSID,Healthy,1_14_2025,60.8,UML_NARWHAL_R2_B15,,2_72,
168,082024_BEL_CBC_T2_1510_PAST,Healthy,1_14_2025,31.6,UML_NARWHAL_R2_B15,,2_68,
169,082024_BEL_CBC_T2_1511_SSID,Healthy,1_14_2025,96.2,UML_NARWHAL_R2_B15,,2_99,
170,082024_BEL_CBC_T2_1512_PAST,Healthy,1_14_2025,57.6,UML_NARWHAL_R2_B15,,2_63,
171,082024_BEL_CBC_T2_1513_PAST,Healthy,1_14_2025,80.8,UML_NARWHAL_R2_B15,,2_57,
172,082024_BEL_CBC_T2_1514_MCAV,Healthy,1_14_2025,98.8,UML_NARWHAL_R2_B15,,2_55,
173,082024_BEL_CBC_T2_1515_MCAV,Healthy,1_14_2025,RECHECK,UML_NARWHAL_R2_B15,,2_60,
174,082024_BEL_CBC_T2_1516_OFAV,Healthy,1_14_2025,RECHECK,UML_NARWHAL_R2_B15,,2_79,
175,082024_BEL_CBC_T2_1517_MCAV,Healthy,1_14_2025,40.8,UML_NARWHAL_R2_B15,,2_69,
176,082024_BEL_CBC_T3_1553_MCAV,Healthy,1_15_2025,89.8,UML_NARWHAL_R2_B15,,3_2,
177,082024_BEL_CBC_T3_1554_OANN,Healthy,1_15_2025,199.6,UML_NARWHAL_R2_B15,,3_38,
178,082024_BEL_CBC_T3_1555_SSID,Healthy,1_15_2025,11.7,UML_NARWHAL_R2_B15,,3_5,
179,082024_BEL_CBC_T3_1556_OFAV,Healthy,1_15_2025,110,UML_NARWHAL_R2_B15,,3_66,
180,082024_BEL_CBC_T3_1557_PAST,Healthy,1_15_2025,4.42,UML_NARWHAL_R2_B15,,3_10,
181,082024_BEL_CBC_T3_1558_MCAV,Healthy,1_15_2025,RECHECK,UML_NARWHAL_R2_B15,,3_14,
182,082024_BEL_CBC_T3_1559_PSTR,Healthy,1_15_2025,17.5,UML_NARWHAL_R2_B15,,3_20,
183,082024_BEL_CBC_T3_1560_PSTR,Healthy,1_14_2025,64.8,UML_NARWHAL_R2_B15,,3_70,
184,082024_BEL_CBC_T3_1561_MCAV,Healthy,1_15_2025,73.6,UML_NARWHAL_R2_B15,,3_21,
185,082024_BEL_CBC_T3_1562_OFAV,Healthy,1_15_2025,76,UML_NARWHAL_R2_B15,,3_39,
186,082024_BEL_CBC_T3_1563_SSID,Healthy,1_15_2025,RECHECK,UML_NARWHAL_R2_B15,,3_33,
187,082024_BEL_CBC_T3_1564_PAST,Healthy,1_15_2025,3.08,UML_NARWHAL_R2_B15,,3_34,
188,082024_BEL_CBC_T4_1605_MCAV,Healthy,1_15_2025,48.6,UML_NARWHAL_R2_B15,,4_28,
189,082024_BEL_CBC_T4_1606_PSTR,Healthy,1_15_2025,32.4,UML_NARWHAL_R2_B15,,4_98,
190,082024_BEL_CBC_T4_1607_PSTR,Healthy,1_15_2025,10.9,UML_NARWHAL_R2_B15,,4_79,
191,082024_BEL_CBC_T4_1608_MCAV,Healthy,1_15_2025,61,UML_NARWHAL_R2_B15,,4_76,
192,082024_BEL_CBC_T4_1609_OFAV,Healthy,1_15_2025,61.2,UML_NARWHAL_R2_B15,,4_78,
193,082024_BEL_CBC_T4_1610_MCAV,Healthy,1_15_2025,86,UML_NARWHAL_R2_B15,,4_30,
194,092023_BEL_CBC_T1_171_PAST,Healthy,11_8_2024,2.16,UML_NARWHAL_R2_B12,,1_2,
195,092023_BEL_CBC_T1_172_PAST,Healthy,11_8_2024,1.2,UML_NARWHAL_R2_B12,,1_21,
196,092023_BEL_CBC_T1_173_SSID,Healthy,11_8_2024,19.9,UML_NARWHAL_R2_B12,,1_3,
197,092023_BEL_CBC_T1_174_MCAV,Healthy,11_8_2024,45.4,UML_NARWHAL_R2_B12,,1_24,
198,092023_BEL_CBC_T1_175_PAST,Healthy,11_8_2024,0.14,UML_NARWHAL_R2_B12,,1_13,
199,092023_BEL_CBC_T1_175_PAST,Healthy,1_15_2025,2.3,UML_NARWHAL_R2_B15,,1_13,
200,092023_BEL_CBC_T1_177_PSTR,Healthy,11_8_2024,29,UML_NARWHAL_R2_B12,,1_12,
201,092023_BEL_CBC_T1_178_OANN,Healthy,11_8_2024,21,UML_NARWHAL_R2_B12,,1_25,
202,092023_BEL_CBC_T2_171_OFAV,Healthy,11_8_2024,78.8,UML_NARWHAL_R2_B12,,2_79,
203,092023_BEL_CBC_T2_172_OFAV,Healthy,11_8_2024,108,UML_NARWHAL_R2_B12,,2_76,
204,092023_BEL_CBC_T2_173_SSID,Healthy,11_8_2024,37.4,UML_NARWHAL_R2_B12,,2_73,
205,092023_BEL_CBC_T2_174_SSID,Healthy,11_8_2024,43.2,UML_NARWHAL_R2_B12,,2_72,
206,092023_BEL_CBC_T2_175_PAST,Healthy,11_8_2024,31.6,UML_NARWHAL_R2_B12,,2_68,
207,092023_BEL_CBC_T2_176_MCAV,Healthy,11_8_2024,46.4,UML_NARWHAL_R2_B12,,2_69,
208,092023_BEL_CBC_T2_179_SSID,Healthy,11_8_2024,10,UML_NARWHAL_R2_B12,,2_99,
209,092023_BEL_CBC_T2_181_PAST,Healthy,11_8_2024,5.5,UML_NARWHAL_R2_B12,,2_63,
210,092023_BEL_CBC_T2_182_PAST,Healthy,11_8_2024,8.58,UML_NARWHAL_R2_B12,,2_57,
211,092023_BEL_CBC_T2_183_MCAV,Healthy,11_8_2024,11.8,UML_NARWHAL_R2_B12,,2_55,
212,092023_BEL_CBC_T2_184_MCAV,Healthy,11_8_2024,18.9,UML_NARWHAL_R2_B12,,2_60,
213,092023_BEL_CBC_T3_171_OFAV,Healthy,11_12_2024,43.8,UML_NARWHAL_R2_B12,,3_39,
214,092023_BEL_CBC_T3_172_PSTR,Healthy,11_12_2024,168,UML_NARWHAL_R2_B12,,3_20,
215,092023_BEL_CBC_T3_173_OFAV,Healthy,11_12_2024,106,UML_NARWHAL_R2_B12,,3_66,
216,092023_BEL_CBC_T3_174_OFAV,Healthy,11_12_2024,30.2,UML_NARWHAL_R2_B12,,3_38,
217,092023_BEL_CBC_T3_175_MCAV,Healthy,11_12_2024,22,UML_NARWHAL_R2_B12,,3_14,
218,092023_BEL_CBC_T3_176_MCAV,Healthy,11_12_2024,78.8,UML_NARWHAL_R2_B12,,3_2,
219,092023_BEL_CBC_T3_177_SSID,Healthy,11_12_2024,16.3,UML_NARWHAL_R2_B12,,3_5,
220,092023_BEL_CBC_T3_178_PAST,Healthy,11_12_2024,11.1,UML_NARWHAL_R2_B12,,3_6,
221,092023_BEL_CBC_T3_181_PAST,Healthy,11_12_2024,10.5,UML_NARWHAL_R2_B12,,3_10,
222,092023_BEL_CBC_T3_182_MCAV,Healthy,11_12_2024,78.4,UML_NARWHAL_R2_B12,,3_21,
223,092023_BEL_CBC_T3_183_SSID,Healthy,11_12_2024,48.4,UML_NARWHAL_R2_B12,,3_33,
224,092023_BEL_CBC_T3_184_PAST,Healthy,11_12_2024,44.8,UML_NARWHAL_R2_B12,,3_34,
225,092023_BEL_CBC_T3_195_PSTR,Healthy,11_12_2024,8.52,UML_NARWHAL_R2_B12,,3_70,
226,092023_BEL_CBC_T4_91_MCAV,Healthy,11_12_2024,80.6,UML_NARWHAL_R2_B12,,4_28,
227,092023_BEL_CBC_T4_92_PSTR,Healthy,11_12_2024,4.54,UML_NARWHAL_R2_B12,,4_98,
228,092023_BEL_CBC_T4_93_PSTR,Healthy,11_12_2024,31.4,UML_NARWHAL_R2_B12,,4_79,
229,092023_BEL_CBC_T4_94_MCAV,Healthy,11_12_2024,9.32,UML_NARWHAL_R2_B12,,4_76,
230,092023_BEL_CBC_T4_95_OFAV,Healthy,11_12_2024,79.6,UML_NARWHAL_R2_B12,,4_78,
231,092023_BEL_CBC_T4_96_MCAV,Healthy,11_12_2024,16.5,UML_NARWHAL_R2_B12,,4_30,
232,102019_BEL_CBC_T1_29_PSTR,Healthy,5_30_2023,3.2," UML_NARWHAL_R2_B35, UML_NARWHAL_R2_B3",10_17_2023,1_12,
233,102019_BEL_CBC_T3_35_PSTR,Healthy,6_6_2023,30.3,UML_NARWHAL_R2_B3,10_4_2023,3_20,
234,112023_BEL_CBC_T1_273_PAST,Healthy,11_13_2024,7.5,UML_NARWHAL_R2_B12,,1_2,
235,112023_BEL_CBC_T1_274_PAST,Healthy,11_13_2024,0.386,UML_NARWHAL_R2_B12,,1_21,
236,112023_BEL_CBC_T1_275_SSID,Healthy,11_13_2024,35,UML_NARWHAL_R2_B12,,1_3,
237,112023_BEL_CBC_T1_276_MCAV,Healthy,11_13_2024,11.1,UML_NARWHAL_R2_B12,,1_24,
238,112023_BEL_CBC_T1_277_OFAV/OANN,Healthy,11_13_2024,7.88,UML_NARWHAL_R2_B12,,1_25,
239,112023_BEL_CBC_T1_278_PSTR,Healthy,11_13_2024,19.5,UML_NARWHAL_R2_B12,,1_12,
240,112023_BEL_CBC_T2_304_OFAV,Healthy,11_13_2024,96,UML_NARWHAL_R2_B12,,2_76,
241,112023_BEL_CBC_T2_305_PAST,Healthy,11_13_2024,9.24,UML_NARWHAL_R2_B12,,2_68,
242,112023_BEL_CBC_T2_306_MCAV,Healthy,11_13_2024,32.8,UML_NARWHAL_R2_B12,,2_69,
243,112023_BEL_CBC_T2_307_SSID,Healthy,11_13_2024,45.4,UML_NARWHAL_R2_B12,,2_99,
244,112023_BEL_CBC_T2_308_PAST,Healthy,11_13_2024,12.1,UML_NARWHAL_R2_B12,,2_63,
245,112023_BEL_CBC_T2_309_PAST,Healthy,11_13_2024,5.92,UML_NARWHAL_R2_B12,,2_57,
246,112023_BEL_CBC_T2_310_MCAV,Healthy,11_13_2024,68.2,UML_NARWHAL_R2_B12,,2_55,
247,112023_BEL_CBC_T2_311_MCAV,Healthy,11_13_2024,47,UML_NARWHAL_R2_B12,,2_60,
248,112023_BEL_CBC_T2_312_OFAV,Healthy,11_13_2024,50.6,UML_NARWHAL_R2_B12,,2_79,
249,112023_BEL_CBC_T2_313_SSID,Healthy,11_13_2024,43.4,UML_NARWHAL_R2_B12,,2_72,
250,112023_BEL_CBC_T2_314_SSID,Healthy,11_13_2024,65.6,UML_NARWHAL_R2_B12,,2_73,
251,112023_BEL_CBC_T3_347_MCAV,Healthy,11_15_2024,10.1,UML_NARWHAL_R2_B12,,3_2,
252,112023_BEL_CBC_T3_348_SSID,Healthy,11_15_2024,15.2,UML_NARWHAL_R2_B12,,3_5,
253,112023_BEL_CBC_T3_349_PAST,Healthy,11_15_2024,5.72,UML_NARWHAL_R2_B12,,3_6,
254,112023_BEL_CBC_T3_350_OFAV,Healthy,11_15_2024,73.6,UML_NARWHAL_R2_B12,,3_38,
255,112023_BEL_CBC_T3_351_OFAV,Healthy,11_15_2024,45.2,UML_NARWHAL_R2_B12,,3_66,
256,112023_BEL_CBC_T3_352_PAST,Healthy,11_15_2024,9.16,UML_NARWHAL_R2_B12,,3_10,
257,112023_BEL_CBC_T3_353_MCAV,Healthy,11_15_2024,10.6,UML_NARWHAL_R2_B12,,3_14,
258,112023_BEL_CBC_T3_354_PSTR,Healthy,11_15_2024,2.34,UML_NARWHAL_R2_B12,,3_20,
259,112023_BEL_CBC_T3_355_PSTR,Healthy,11_15_2024,1.27,UML_NARWHAL_R2_B12,,3_70,
260,112023_BEL_CBC_T3_356_MCAV,Healthy,11_15_2024,67.6,UML_NARWHAL_R2_B12,,3_21,
261,112023_BEL_CBC_T3_357_OFAV,Healthy,11_15_2024,50.6,UML_NARWHAL_R2_B12,,3_39,
262,112023_BEL_CBC_T3_358_SSID,Healthy,11_15_2024,102,UML_NARWHAL_R2_B12,,3_33,
263,112023_BEL_CBC_T3_359_PAST,Healthy,11_15_2024,1.98,UML_NARWHAL_R2_B12,,3_34,
264,112023_BEL_CBC_T4_396_MCAV,Healthy,11_15_2024,45.8,UML_NARWHAL_R2_B12,,4_28,
265,112023_BEL_CBC_T4_397_PSTR,Healthy,11_15_2024,11.9,UML_NARWHAL_R2_B12,,4_98,
266,112023_BEL_CBC_T4_398_PSTR,Healthy,11_15_2024,3.08,UML_NARWHAL_R2_B12,,4_79,
267,112023_BEL_CBC_T4_399_MCAV,Healthy,11_15_2024,13.9,UML_NARWHAL_R2_B12,,4_76,
268,112023_BEL_CBC_T4_400_OFAV,Healthy,11_15_2024,47.8,UML_NARWHAL_R2_B12,,4_78,
269,112023_BEL_CBC_T4_401_MCAV,Healthy,11_15_2024,21.8,UML_NARWHAL_R2_B12,,4_30,
270,122022_BEL_CBC_T1_122_PSTR,Healthy,7_12_2024,9.58,UML_NARWHAL_R2_B26,8_6_2024,1_12,
271,122022_BEL_CBC_T1_123_OANN,Healthy,7_16_2024,9.51,UML_NARWHAL_R2_B26,8_6_2024,1_25,
272,122022_BEL_CBC_T1_150_PAST,Healthy,8_19_2024,5.72,"UML_NARWHAL_R2_B29, UML_NARWHAL_R2_B34",9_28_2024,1_21,
273,122022_BEL_CBC_T1_151_MCAV,Healthy,8_12_2024,0.218,UML_NARWHAL_R2_B26,10_6_2024,1_24,
274,122022_BEL_CBC_T1_152_PAST,Healthy,8_19_2024,1.16,"UML_NARWHAL_R2_B29, UML_NARWHAL_R2_B34",9_28_2024,1_13,
275,122022_BEL_CBC_T1_156_SSID,Healthy,12_2_2024,5.33,UML_NARWHAL_R2_B14,,1_3,
276,122022_BEL_CBC_T1_158_PAST,Healthy,8_19_2024,2.53,"UML_NARWHAL_R2_B29, UML_NARWHAL_R2_B34",9_28_2024,1_2,
277,122022_BEL_CBC_T2_100_PAST,Healthy,8_19_2024,15.6,"UML_NARWHAL_R2_B29, UML_NARWHAL_R2_B34",9_28_2024,2_63,
278,122022_BEL_CBC_T2_83_PAST,Healthy,9_11_2024,21.8,UML_NARWHAL_R2_B29,9_28_2024,2_57,
279,122022_BEL_CBC_T2_86_MCAV,Healthy,8_12_2024,0.093,UML_NARWHAL_R2_B26,10_6_2024,2_60,
280,122022_BEL_CBC_T2_87_OFAV,Healthy,6_27_2023,62.2,UML_NARWHAL_R2_B3,10_11_23,2_79,
281,122022_BEL_CBC_T2_88_MCAV,Healthy,8_12_2024,0.884,UML_NARWHAL_R2_B26,10_6_2024,2_55,
282,122022_BEL_CBC_T2_90_SSID,Healthy,12_4_2024,30.7,UML_NARWHAL_R2_B15,,2_73,
283,122022_BEL_CBC_T2_92_MCAV,Healthy,8_12_2024,0.166,UML_NARWHAL_R2_B26,10_6_2024,2_69,
284,122022_BEL_CBC_T2_93_OFAV,Healthy,6_27_2023,46.1,UML_NARWHAL_R2_B3,10_11_23,2_76,
285,122022_BEL_CBC_T2_94_PAST,Healthy,9_11_2024,27.6,UML_NARWHAL_R2_B29,10_6_2024,2_68,
286,122022_BEL_CBC_T2_96_SSID,Healthy,1_13_2025,12.1,UML_NARWHAL_R2_B15,,2_72,
287,122022_BEL_CBC_T3_116_PAST,Healthy,9_11_2024,30.9,UML_NARWHAL_R2_B29,10_6_2024,3_6,
288,122022_BEL_CBC_T3_119_MCAV,Healthy,8_12_2024,0.388,UML_NARWHAL_R2_B26,10_6_2024,3_2,
289,122022_BEL_CBC_T3_120_SSID,Healthy,1_14_2025,11.8,UML_NARWHAL_R2_B15,,3_5,
290,122022_BEL_CBC_T3_121_OFAV,Healthy,6_22_2023,103.2,UML_NARWHAL_R2_B3,10_16_2023,3_38,
291,122022_BEL_CBC_T3_123_PAST,Healthy,9_11_2024,2.67,UML_NARWHAL_R2_B29,10_16_2024,3_10,
292,122022_BEL_CBC_T3_124_PAST,Healthy,9_11_2024,2.7,UML_NARWHAL_R2_B29,10_16_2024,3_34,
293,122022_BEL_CBC_T3_126_SSID,Healthy,1_14_2025,61,UML_NARWHAL_R2_B15,,3_33,
294,122022_BEL_CBC_T3_127_OFAV,Healthy,6_22_2023,36.3,UML_NARWHAL_R2_B3,10_11_23,3_39,
295,122022_BEL_CBC_T3_128_MCAV,Healthy,8_12_2024,1.07,UML_NARWHAL_R2_B26,10_6_2024,3_21,
296,122022_BEL_CBC_T3_141_PSTR,Healthy,7_12_2024,6.21,UML_NARWHAL_R2_B26,8_6_2024,3_20,
297,122022_BEL_CBC_T3_142_MCAV,Healthy,8_12_2024,0.355,UML_NARWHAL_R2_B26,10_6_2024,3_14,
298,122022_BEL_CBC_T3_151_PSTR,Healthy,7_12_2024,10.8,UML_NARWHAL_R2_B26,8_6_2024,3_70,
299,122022_BEL_CBC_T4_1_OFAV,Healthy,7_16_2024,44.7,UML_NARWHAL_R2_B26,8_6_2024,4_78,
300,122022_BEL_CBC_T4_11_MCAV,Healthy,8_12_2024,0.348,UML_NARWHAL_R2_B29,11_6_2024,4_30,
301,122022_BEL_CBC_T4_3_MCAV,Healthy,8_12_2024,0.314,UML_NARWHAL_R2_B26,10_6_2024,4_76,
302,122022_BEL_CBC_T4_34_PSTR,Healthy,7_12_2024,3.99,UML_NARWHAL_R2_B26,10_16_2024,4_98,
303,122022_BEL_CBC_T4_38_MCAV,Healthy,8_12_2024,3.1,UML_NARWHAL_R2_B26,10_6_2024,4_28,
304,122022_BEL_CBC_T4_4_PSTR,Healthy,7_12_2024,7.07,UML_NARWHAL_R2_B26,8_6_2024,4_79,
305,122023_BEL_CBC_T1_506_PAST,Healthy,11_18_2024,3.44,UML_NARWHAL_R2_B13,,1_2,
306,122023_BEL_CBC_T1_507_PAST,Healthy,11_18_2024,1.58,UML_NARWHAL_R2_B13,,1_21,
307,122023_BEL_CBC_T1_508_SSID,Healthy,11_18_2024,15.7,UML_NARWHAL_R2_B13,,1_3,
308,122023_BEL_CBC_T1_509_MCAV,Healthy,11_18_2024,16.4,UML_NARWHAL_R2_B13,,1_24,
309,122023_BEL_CBC_T1_510_PSTR,Healthy,11_18_2024,57.8,UML_NARWHAL_R2_B13,,1_12,
310,122023_BEL_CBC_T1_511_OFAV/OANN,Healthy,11_18_2024,7.38,UML_NARWHAL_R2_B13,,1_25,
311,122023_BEL_CBC_T2_512_OFAV,Healthy,11_18_2024,28.4,UML_NARWHAL_R2_B13,,2_76,
312,122023_BEL_CBC_T2_513_SSID,Healthy,11_18_2024,18.8,UML_NARWHAL_R2_B13,,2_73,
313,122023_BEL_CBC_T2_514_SSID,Healthy,11_18_2024,25,UML_NARWHAL_R2_B13,,2_72,
314,122023_BEL_CBC_T2_515_PAST,Healthy,11_18_2024,9.86,UML_NARWHAL_R2_B13,,2_68,
315,122023_BEL_CBC_T2_516_MCAV,Healthy,11_18_2024,22.4,UML_NARWHAL_R2_B13,,2_69,
316,122023_BEL_CBC_T2_517_SSID,Healthy,11_18_2024,36.6,UML_NARWHAL_R2_B13,,2_99,
317,122023_BEL_CBC_T2_518_MCAV,Healthy,11_18_2024,18.8,UML_NARWHAL_R2_B13,,2_55,
318,122023_BEL_CBC_T2_519_PAST,Healthy,11_18_2024,14.4,UML_NARWHAL_R2_B13,,2_63,
319,122023_BEL_CBC_T2_520_PAST,Healthy,11_18_2024,5.98,UML_NARWHAL_R2_B13,,2_57,
320,122023_BEL_CBC_T2_521_OFAV,Healthy,11_18_2024,37.6,UML_NARWHAL_R2_B13,,2_79,
321,122023_BEL_CBC_T2_522_MCAV,Healthy,11_18_2024,17.3,UML_NARWHAL_R2_B13,,2_60,
322,122023_BEL_CBC_T3_479_PAST ,Healthy,11_19_2024,1.75,UML_NARWHAL_R2_B13,,3_34,
323,122023_BEL_CBC_T3_523_MCAV,Healthy,11_19_2024,33,UML_NARWHAL_R2_B13,,3_2,
324,122023_BEL_CBC_T3_524_OFAV,Healthy,11_19_2024,71.8,UML_NARWHAL_R2_B13,,3_38,
325,122023_BEL_CBC_T3_525_PAST,Healthy,11_19_2024,2.54,UML_NARWHAL_R2_B13,,3_6,
326,122023_BEL_CBC_T3_526_SSID,Healthy,11_19_2024,16.4,UML_NARWHAL_R2_B13,,3_5,
327,122023_BEL_CBC_T3_527_OFAV,Healthy,11_19_2024,16.1,UML_NARWHAL_R2_B13,,3_66,
328,122023_BEL_CBC_T3_528_PAST ,Healthy,11_19_2024,3.06,UML_NARWHAL_R2_B13,,3_10,
329,122023_BEL_CBC_T3_529_MCAV,Healthy,11_19_2024,34.8,UML_NARWHAL_R2_B13,,3_14,
330,122023_BEL_CBC_T3_530_PSTR,Healthy,11_19_2024,1.18,UML_NARWHAL_R2_B13,,3_20,
331,122023_BEL_CBC_T3_531_PSTR,Healthy,11_19_2024,16.8,UML_NARWHAL_R2_B13,,3_70,
332,122023_BEL_CBC_T3_532_MCAV,Healthy,11_19_2024,93.8,UML_NARWHAL_R2_B13,,3_21,
333,122023_BEL_CBC_T3_533_OFAV,Healthy,11_19_2024,51.2,UML_NARWHAL_R2_B13,,3_39,
334,122023_BEL_CBC_T3_534_SSID,Healthy,11_19_2024,28.4,UML_NARWHAL_R2_B13,,3_33,
335,122023_BEL_CBC_T4_535_MCAV,Healthy,11_19_2024,22.6,UML_NARWHAL_R2_B13,,4_28,
336,122023_BEL_CBC_T4_536_PSTR,Healthy,11_19_2024,25.2,UML_NARWHAL_R2_B13,,4_98,
337,122023_BEL_CBC_T4_537_PSTR,Healthy,11_19_2024,5.22,UML_NARWHAL_R2_B13,,4_79,
338,122023_BEL_CBC_T4_538_OFAV,Healthy,11_19_2024,17.7,UML_NARWHAL_R2_B13,,4_78,
339,122023_BEL_CBC_T4_539_MCAV,Healthy,11_19_2024,27.8,UML_NARWHAL_R2_B13,,4_76,
340,122023_BEL_CBC_T4_540_MCAV,Healthy,11_19_2024,49.8,UML_NARWHAL_R2_B13,,4_30,